broken,Indoor mean,Weekend mean,Club Activity Day mean
0,0.5387533875338754,0.28415300546448086,0.19984894930916522
1,0.567965367965368,0.28415300546448086,0.19969957183071937
