budget,selected_machine_count,installation_cost,total_expected_cost,avg_probability_selected,min_probability_selected
50,50,100000,4815231.697937397,0.5377786330257323,0.5372217823761157
100,100,200000,4646886.311655786,0.5372347027944777,0.5359484497709579
200,200,400000,4312841.604256496,0.5356397050968839,0.5329901600218686
