building_type,broken_0_count,broken_1_count,share_broken_0,share_broken_1,machine_count,broken_rate
classroom,444,307,0.24065040650406505,0.2658008658008658,751,0.40878828229027964
dorm,476,279,0.25799457994579944,0.24155844155844156,755,0.3695364238410596
gym,446,284,0.24173441734417345,0.24588744588744588,730,0.38904109589041097
office,479,285,0.25962059620596206,0.24675324675324675,764,0.3730366492146597
