broken,count,mean,std,median,min,max,q1,q3
0,1845,248.0579945799458,145.15171731080358,248.0,0.0,499.0,123.0,378.0
1,1155,247.53852813852814,141.23150186537316,247.0,0.0,499.0,124.0,369.0
