metric,high_risk,overall
Machine count,1000.0,1000.0
Outdoor share,0.497,0.497
Average distance to store,252.935,252.935
Weekend share,0.2849315068493152,0.2849315068493152
Club activity day share,0.20015616438356165,0.20015616438356165
Average predicted probability,0.49841210144502646,0.49841210144502646
