feature,coefficient,odds_ratio
building_type_dorm,-0.22819035485747124,0.7959727281382982
indoor,0.17281628301925467,1.1886477102547293
building_type_gym,0.015026439190032827,1.01513990373774
weekend,-0.009846840684885975,0.9902014807164102
building_type_office,-0.005809278008834717,0.9942075632190841
distance_to_store,0.0034803950894443316,1.0034864586969763
club_activity_day,-0.0015533661530391738,0.9984478396957078
