feature,importance_mean,importance_std
club_activity_day,0.03868065087577288,0.017518407974930917
building_type,0.029202986113555287,0.01933955884454597
indoor,0.025971679630216273,0.015670613993039453
distance_to_store,0.014066722196803556,0.014673396573059591
weekend,0.0,0.0
