feature,importance
distance_to_store,0.5807437742661032
club_activity_day,0.3702003494800913
indoor,0.015696726177439824
building_type_gym,0.012618915842945427
building_type_dorm,0.012270086307030482
building_type_office,0.00847014792638983
weekend,0.0
